ID,ID Modx
227881,15656
227881,6325
227881,272276
227881,355761
71,174203
71,15
71,45444
71,51493
15,53662
15,1866
15,1923
15,1959
15,1947
15,2009
15,2010
15,2011
15,2026
15,2086
15,2118
15,17932
15,2210
15,2224
15,2461
15,2502
15,2503
15,2504
15,2505
15,20328
15,1653
15,2586
15,2652
15,2550
15,2747
15,2787
15,15958
15,2863
15,2894
15,16963
15,16963
15,104116
15,104116
15,2382
15,2955
15,2934
15,3047
15,3016
15,3069
15,3064
15,2999
15,3121
15,3245
15,3310
15,2736
15,3365
15,3396
15,3460
15,3536
15,3570
15,3746
15,3945
15,16202
15,4022
15,4090
15,4100
15,4215
15,280707
15,4196
15,4213
15,4065
15,4323
15,4324
15,4311
15,4389
15,4352
15,4530
15,4321
15,22735
15,297
15,4809
15,4902
15,4983
15,5140
15,89629
15,5502
15,5503
15,18933
15,5596
15,5716
15,23415
15,6153
15,23438
15,6876
15,7217
15,7539
15,7683
15,412
15,544
15,16157
15,9520
15,12471
15,34209
15,36826
15,37107
15,37616
15,37672
15,41602
15,42230
15,44304
15,45511
15,45512
15,55132
15,57451
15,65053
15,71147
15,96355
15,113951
15,352565
15468,12905
161,2248
161,166
161,165
161,271
161,5204
161,5365
161,305
161,318375
161,472
161,8906
161,9161
161,15343
161,16151
161,23737
161,27844
161,37107
161,40674
161,41170
161,55788
4389,4549
4389,4746
4389,4809
4389,4978
4389,4983
4389,5545
4389,5667
4389,5811
4389,5919
4389,6067
4389,6311
4389,6333
4389,6448
4389,6649
4389,6769
4389,6783
4389,6834
4389,7217
4389,7643
4389,7771
4389,8695
4389,8892
4389,9033
4389,9188
4389,9213
4389,9811
4389,9872
4389,10135
4389,10584
4389,11921
4389,327285
6325,27812
365,6907
365,6998
365,387
365,7454
365,7738
365,416
365,24651
365,12379
365,16737
365,35680
365,35680
365,31819
365,15722
365,20051
365,20805
365,21188
365,31530
365,33432
365,33500
365,34160
365,34593
365,35225
365,36427
365,36892
365,37197
365,37200
365,37227
365,37377
365,37431
365,37745
365,37855
365,38297
365,38676
365,39449
365,39523
365,39525
365,39547
365,40393
365,40421
365,40674
365,41024
365,41439
365,41598
365,41822
365,41834
365,41867
365,42042
365,42330
365,42331
365,42602
365,42700
365,44405
365,46072
365,48772
365,49226
365,49276
365,49398
365,50192
365,50239
365,50472
365,50875
365,52706
365,52729
365,54401
365,55190
365,55427
365,55767
365,55973
365,56249
365,57245
365,57387
365,58305
365,61784
365,61898
365,62249
365,62637
365,63052
365,63197
365,63642
365,65015
365,65331
365,65332
365,65718
365,65723
365,65894
365,66215
365,66452
365,66546
365,67311
365,67388
365,68193
365,68371
365,68591
365,68673
365,68926
365,69206
365,69646
365,69652
365,69723
365,69761
365,69824
365,69987
365,70937
365,71124
365,71413
365,71482
365,72482
365,72944
365,73391
365,74087
365,74287
365,74650
365,76073
365,76675
365,78875
365,80493
365,80764
365,81448
365,82953
365,83588
365,86336
365,87211
365,87211
365,87502
365,87660
365,87670
365,88116
365,88645
365,89032
365,89266
365,90221
365,91229
365,91230
365,92014
365,93038
365,93038
365,93306
365,94069
365,100386
365,100561
365,100561
365,100883
365,101754
365,102049
365,102754
365,102756
365,103883
365,103883
365,104478
365,104875
365,104928
365,106099
365,108009
365,109389
365,110020
365,112877
365,112883
365,112978
365,113181
365,113308
365,114462
365,116299
365,117513
365,119454
365,121664
365,122279
365,123286
365,123735
365,123956
365,124812
365,125644
365,126079
365,126512
365,127867
365,135403
365,136187
365,138491
365,139546
365,147502
365,148389
365,150161
365,151297
365,153750
365,154668
365,160982
365,163321
365,164864
365,171784
365,177511
365,178951
365,179484
365,179789
365,179946
365,183418
365,183894
365,186287
365,192132
365,194852
365,195247
365,201489
365,204228
365,205335
365,206485
365,206487
365,208198
365,209209
365,210251
365,221222
365,223132
365,225729
365,227579
365,228500
365,231374
365,238340
365,240292
365,241236
365,241240
365,242835
365,244222
365,254339
365,255596
365,256981
365,256982
365,257108
365,257302
365,257543
365,259318
365,259445
365,259495
365,259702
365,260238
365,260939
365,262033
365,263691
365,264232
365,269309
365,269867
365,269944
365,273089
365,274752
365,275126
365,275662
365,305151
365,305262
365,305264
365,305347
365,307110
365,308868
365,308985
365,309594
365,309774
365,310230
365,311009
365,311067
365,311068
365,314649
365,314650
365,316974
365,317968
365,320515
365,322062
365,322086
365,322394
365,323114
365,323631
365,324512
365,327607
365,331204
365,331460
365,332398
365,333564
365,333618
365,333673
365,334142
365,334168
365,334288
365,335979
365,336030
365,337678
365,337829
365,339344
365,340017
365,340437
365,342784
365,343022
365,344726
365,345117
365,345728
365,346306
365,346849
365,347802
365,347842
365,348356
365,348570
365,348847
365,350220
365,350464
365,352586
365,352587
365,354427
365,355674
6965,16029
9197,16029
15388,13616
15388,27812
15388,44039
15388,45690
15388,67013
15388,81583
15388,104095
15388,122172
15388,133802
15388,156462
15388,156463
15388,166345
15388,183627
15388,248700
15388,248701
15388,255494
16739,27814
10082,11349
10082,14451
10082,41363
11490,87027
37767,16657
37767,37616
37767,44304
37767,83494
37767,139534
37767,261703
12905,44407
12905,129081
12905,161881
16670,21834
16670,40338
16670,47462
16670,50701
16670,52627
16670,58443
16670,60465
16670,89843
16670,114123
16670,132348
16670,147664
16670,152117
16670,166397
16670,167838
16670,171389
16670,181817
16670,181818
16670,183467
16670,183716
16670,183820
16670,183821
16670,188498
16670,209125
16670,248702
16670,256513
16670,256526
16670,256530
16670,256533
16670,256536
16670,355760
16670,355761
27897,41213
27897,219710
31692,31693
31692,32095
31692,32865
31692,33094
31692,33169
31692,33170
31692,33681
31692,33964
31692,34151
31692,34373
31692,34377
31692,34378
31692,34699
31692,36355
31692,36789
31692,37050
31692,37110
31692,37112
31692,37114
31692,37188
31692,37251
31692,37252
31692,37427
31692,37576
31692,37707
31692,37870
31692,37851
31692,37955
31692,38032
31692,38403
31692,38546
31692,38982
31692,39001
31692,39073
31692,39074
31692,39112
31692,39115
31692,39118
31692,39233
31692,39235
31692,39237
31692,39432
31692,39500
31692,39501
31692,39502
31692,39525
31692,39597
31692,39678
31692,39655
31692,39769
31692,39929
31692,40014
31692,40015
31692,40050
31692,40210
31692,40211
31692,40212
31692,40213
31692,40525
31692,40706
31692,40717
31692,40719
31692,40721
31692,40768
31692,40776
31692,40821
31692,40828
31692,40956
31692,40966
31692,40971
31692,40981
31692,40983
31692,40984
31692,40985
31692,40986
31692,40987
31692,40988
31692,40989
31692,40990
31692,260921
31692,41101
31692,41137
31692,41138
31692,41142
31692,41170
31692,41283
31692,41284
31692,41286
31692,41288
31692,41289
31692,41291
31692,41298
31692,41387
31692,41388
31692,41391
31692,41392
31692,41393
31692,41395
31692,41396
31692,41398
31692,41399
31692,41401
31692,41403
31692,41404
31692,41406
31692,41408
31692,41409
31692,41410
31692,41411
31692,41412
31692,41413
31692,41414
31692,41415
31692,41512
31692,41513
31692,41576
31692,41603
31692,41644
31692,41647
31692,41853
31692,41883
31692,41996
31692,41997
31692,42152
31692,37192
31692,37194
31692,47676
31692,48163
31692,48381
31692,49913
31692,56689
31692,57387
31692,58197
31692,65629
31692,71137
31692,73048
31692,90151
31692,90548
31692,91229
31692,102049
31692,102092
31692,102480
31692,112479
31692,112978
31692,123956
31692,136187
31692,137392
31692,147502
31692,148657
31692,180313
31692,194426
31692,199184
31692,204228
31692,217841
31692,217842
31692,217844
31692,217845
31692,217872
31692,221222
31692,240151
31692,240321
31692,254339
31692,255725
31692,260519
31692,260520
31692,260521
31692,260522
31692,268407
31692,269309
31692,287370
31692,305347
31692,305597
31692,316974
31692,317532
31692,332498
31692,333120
31692,334832
31692,344820
31692,344821
31692,344822
31692,345117
31692,346060
38621,39427
38621,39505
38621,39525
38621,40976
38621,42547
38621,46848
38621,47791
38621,51320
38621,61784
38621,62697
38621,62647
38621,62691
38621,62711
38621,64878
38621,65015
38621,66344
38621,66385
38621,67225
38621,67520
38621,68525
38621,90491
38621,93384
38621,93386
38621,93625
38621,93763
38621,103323
38621,105101
38621,110717
38621,118239
38621,136271
38621,137702
38621,140615
38621,149031
38621,149156
38621,149949
38621,154334
38621,154334
38621,162802
38621,167033
38621,167035
38621,177362
38621,177510
38621,177946
38621,192496
38621,193952
38621,207100
38621,222094
38621,224579
38621,224587
38621,224674
38621,227525
38621,235851
38621,240291
38621,244053
38621,246379
38621,248464
38621,248824
38621,257544
38621,258622
38621,260937
38621,260938
38621,263707
38621,270112
38621,270386
38621,270387
38621,272635
38621,305221
38621,305262
38621,305267
38621,309910
38621,311067
38621,311182
38621,316974
38621,318380
38621,333564
44039,134699
44911,48158
44911,54488
44911,55190
44911,55332
44911,56527
44911,61784
44911,65760
44911,66546
44911,66804
44911,67634
44911,83049
44911,89432
44911,102818
44911,112877
44911,112881
44911,112978
44911,114873
44911,118878
44911,126822
44911,131677
44911,136703
44911,139820
44911,142689
44911,144271
44911,145066
44911,146751
44911,148141
44911,148393
44911,148720
44911,150162
44911,153947
44911,154613
44911,160781
44911,160982
44911,169175
44911,169177
44911,169983
44911,171112
44911,174840
44911,174986
44911,175729
44911,175864
44911,175919
44911,177476
44911,178424
44911,180320
44911,180804
44911,180805
44911,183337
44911,184027
44911,185991
44911,191876
44911,192143
44911,195247
44911,196082
44911,200897
44911,201267
44911,201268
44911,204228
44911,204790
44911,204831
44911,205209
44911,205440
44911,205441
44911,206345
44911,206346
44911,206348
44911,206485
44911,206487
44911,206523
44911,206906
44911,208198
44911,209043
44911,209271
44911,210384
44911,210385
44911,211041
44911,215605
44911,215797
44911,217777
44911,218963
44911,223132
44911,224597
44911,224598
44911,224651
44911,225729
44911,228344
44911,228500
44911,235008
44911,237860
44911,238420
44911,239458
44911,239550
44911,240918
44911,241175
44911,244222
44911,246584
44911,248896
44911,249194
44911,249221
44911,256981
44911,256982
44911,257017
44911,257108
44911,257302
44911,258838
44911,258959
44911,259702
44911,260238
44911,261330
44911,261484
44911,261775
44911,261961
44911,263192
44911,263661
44911,263691
44911,264552
44911,268778
44911,268953
44911,269337
44911,269773
44911,269891
44911,270040
44911,270041
44911,272231
44911,273269
44911,274170
44911,276953
44911,279766
44911,305262
44911,305264
44911,305347
44911,305349
44911,305822
44911,308532
44911,308760
44911,309280
44911,315924
44911,316978
44911,317782
44911,317968
44911,318096
44911,318432
44911,318433
44911,318993
44911,320088
44911,322507
44911,323729
44911,326673
44911,326753
44911,326754
44911,327914
44911,327914
44911,331463
44911,332890
44911,332991
44911,333883
48163,48164
48163,48291
48163,48508
48163,48605
48163,48606
48163,48607
48163,49162
48163,49329
48163,49331
48163,49332
48163,49348
48163,49642
48163,50081
48163,50095
48163,50201
48163,50202
48163,50216
48163,50218
48163,50303
48163,50845
48163,51304
48163,51489
48163,51529
48163,51532
48163,51747
48163,51760
48163,52006
48163,52077
48163,52505
48163,52512
48163,52513
48163,52514
48163,52692
48163,52925
48163,52931
48163,52946
48163,53139
48163,53140
48163,53231
48163,53425
48163,53497
48163,53782
48163,54259
48163,54427
48163,54464
48163,54818
48163,54828
48163,55192
48163,55293
48163,55294
48163,98265
48163,55580
48163,55582
48163,55589
48163,65629
48163,73048
48163,79673
48163,87761
48163,90151
48163,91229
48163,91230
48163,93972
48163,102049
48163,102050
48163,112978
48163,122974
48163,123956
48163,136187
48163,147502
48163,169346
48163,204228
48163,217876
48163,221222
48163,254339
48163,260533
48163,260539
48163,260540
48163,260542
48163,260544
48163,260546
48163,260547
48163,260548
48163,260549
48163,260550
48163,260551
48163,260552
48163,260554
48163,260564
48163,269309
48163,305347
48163,316974
48163,334832
48163,345117
48163,351141
61920,61921
61920,61972
61920,61986
61920,62144
61920,62212
61920,62183
61920,62184
61920,62214
61920,62255
61920,62259
61920,62266
61920,62281
61920,62282
61920,62293
61920,62386
61920,62393
61920,62436
61920,62443
61920,62453
61920,62472
61920,62473
61920,62571
61920,62572
61920,62573
61920,62574
61920,62579
61920,62621
61920,62622
61920,62665
61920,62694
61920,62846
61920,62849
61920,62850
61920,62860
61920,62893
61920,62953
61920,63000
61920,63002
61920,63023
61920,63053
61920,63136
61920,63211
61920,63232
61920,63268
61920,63314
61920,63342
61920,63349
61920,63363
61920,63364
61920,63385
61920,63399
61920,63400
61920,63444
61920,63467
61920,63488
61920,63509
61920,63512
61920,63540
61920,63603
61920,63622
61920,63675
61920,63693
61920,63694
61920,63721
61920,63722
61920,63790
61920,63800
61920,63801
61920,63814
61920,63818
61920,63856
61920,63890
61920,63925
61920,63925
61920,63951
61920,63975
61920,64074
61920,64117
61920,64123
61920,97585
61920,64223
61920,64231
61920,64232
61920,64254
61920,64255
61920,64265
61920,64371
61920,64428
61920,64446
61920,64447
61920,64461
61920,64474
61920,64607
61920,64719
61920,64720
61920,64721
61920,64723
61920,64761
61920,64883
61920,64915
61920,65022
61920,65216
61920,65232
61920,65234
61920,65370
61920,65413
61920,65417
61920,65529
61920,65530
61920,65541
61920,65555
61920,65590
61920,65591
61920,65631
61920,65635
61920,65636
61920,65724
61920,65725
61920,65727
61920,65731
61920,65732
61920,65778
61920,65904
61920,65908
61920,65909
61920,66049
61920,73048
61920,90151
61920,91229
61920,91230
61920,102049
61920,102050
61920,112978
61920,122356
61920,122974
61920,123956
61920,136187
61920,147502
61920,160781
61920,204228
61920,218801
61920,221222
61920,254339
61920,269309
61920,305347
61920,316974
61920,334832
61920,345117
65015,65016
65015,65450
65015,65694
65015,65797
65015,65830
65015,65834
65015,65835
65015,66116
65015,66533
65015,66759
65015,68775
65015,69650
65015,72485
65015,73699
65015,74202
65015,87560
65015,109354
65015,119823
65015,122463
65015,149705
65015,160781
65015,192152
65015,232071
65015,308653
65015,310513
82954,84248
82954,91480
82954,95888
82954,114123
82954,127684
82954,132348
82954,152117
82954,156462
82954,157419
82954,162450
82954,163484
82954,165898
82954,167838
82954,168986
82954,169119
82954,169420
82954,171393
82954,171918
82954,172785
82954,180259
82954,181018
82954,181094
82954,181095
82954,181096
82954,181097
82954,181098
82954,182198
82954,183467
82954,185014
82954,185221
82954,185709
82954,186167
82954,186778
82954,187666
82954,188574
82954,188814
82954,189795
82954,197570
82954,203978
82954,205400
82954,205401
82954,206677
82954,208798
82954,209125
82954,209126
82954,221951
82954,230118
82954,239829
82954,239830
82954,239831
82954,256514
82954,256522
82954,256535
82954,321925
82954,355760
82954,355761
120828,121148
120828,124166
120828,128407
120828,193659
132348,152117
132348,355761
134699,248701
148397,148398
148397,160791
148397,163984
148397,168803
148397,192132
152117,154993
152117,157292
152117,159579
154993,157292
157292,159579
169119,169420
169119,177947
169119,185014
169119,185709
178950,272276
197405,276962
197405,316325
209126,312314
255494,312340
262862,282086
316974,316975
316974,317438
316974,317510
316974,318254
316974,318380
316974,318579
316974,318716
316974,319211
316974,319228
316974,319579
316974,319579
316974,319672
316974,319672
316974,319733
316974,319733
316974,319744
316974,320356
316974,320359
316974,320423
316974,320438
316974,320438
316974,320446
316974,320876
316974,320973
316974,321123
316974,321407
316974,321799
316974,322151
316974,322170
316974,322170
316974,322395
316974,322395
316974,322508
316974,322508
316974,322854
316974,322854
316974,322856
316974,322856
316974,322882
316974,322997
316974,323221
316974,323298
316974,323731
316974,324386
316974,324423
316974,324811
316974,324917
316974,324917
316974,325176
316974,325351
316974,325411
316974,325908
316974,327385
316974,328818
316974,329215
316974,329579
316974,329694
316974,330047
316974,330298
316974,330809
316974,331658
316974,332318
316974,333537
316974,333564
316974,333594
316974,333677
316974,333712
316974,333849
316974,334069
316974,334410
316974,334410
316974,334430
316974,334430
316974,334525
316974,334559
316974,334599
316974,334732
316974,334732
316974,334832
316974,335192
316974,335209
316974,335209
316974,335298
316974,335719
316974,335752
316974,335788
316974,335911
316974,336066
316974,336130
316974,336905
316974,337253
316974,337932
316974,338120
316974,338548
316974,339316
316974,339675
316974,340047
316974,341340
316974,341411
316974,341463
316974,342579
316974,342692
316974,342797
316974,343263
316974,343264
316974,343850
316974,343866
316974,344188
316974,344312
316974,344443
316974,344492
316974,344675
316974,344917
316974,345117
316974,345181
316974,345557
316974,345632
316974,345897
316974,346060
316974,346631
316974,347015
316974,347018
316974,349846
316974,351545
316974,351741
316974,352299
316974,353761
316974,355113
316974,356155
355760,355761
